station_id,station_name,area,lat,lng,valid_from,valid_to
HB101,Hoboken Terminal - Hudson St & Hudson Pl,Hoboken,40.73593758446329,-74.03030455112457,2026-08-01,
HB103,South Waterfront Walkway - Sinatra Dr & 1 St,Hoboken,40.73698221818716,-74.02778059244156,2026-08-01,
HB105,City Hall - Washington St & 1 St,Hoboken,40.73736,-74.03097,2026-08-01,
HB107,Hudson Pl & Hoboken Terminal,Hoboken,40.73579286776364,-74.02837457573912,2026-08-01,
HB201,12 St & Sinatra Dr N,Hoboken,40.750604142368964,-74.02402013540268,2026-08-01,
HB202,14 St Ferry - 14 St & Shipyard Ln,Hoboken,40.752960630464955,-74.02435272932053,2026-08-01,
HB203,Bloomfield St & 15 St,Hoboken,40.75453,-74.02658,2026-08-01,
HB301,4 St & Grand St,Hoboken,40.7422579775645,-74.03511106967926,2026-08-01,
HB302,6 St & Grand St,Hoboken,40.744397833095604,-74.03450086712837,2026-08-01,
HB303,Clinton St & 7 St,Hoboken,40.74542,-74.03332,2026-08-01,
HB304,7 St & Monroe St,Hoboken,40.74641264837719,-74.03797701001167,2026-08-01,
HB305,9 St HBLR - Jackson St & 8 St,Hoboken,40.74790720968899,-74.03841152787209,2026-08-01,
HB401,Southwest Park - Jackson St & Observer Hwy,Hoboken,40.73755127245804,-74.04166370630264,2026-08-01,
HB402,Madison St & 1 St,Hoboken,40.73879,-74.0393,2026-08-01,
HB404,Mama Johnson Field - 4 St & Jackson St,Hoboken,40.74313993965626,-74.04004096984863,2026-08-01,
HB407,Adams St & 2 St,Hoboken,40.73981372311843,-74.03690412640572,2026-08-01,
HB408,Marshall St & 2 St,Hoboken,40.740802,-74.042521,2026-08-01,
HB409,Clinton St & Newark St,Hoboken,40.73743,-74.03571,2026-08-01,
HB501,Columbus Park - Clinton St & 9 St,Hoboken,40.74816121065146,-74.0324530005455,2026-08-01,
HB502,11 St & Washington St,Hoboken,40.74998490907138,-74.02715027332306,2026-08-01,
HB503,Madison St & 10 St,Hoboken,40.74994325412246,-74.03586477041245,2026-08-01,
HB505,Willow Ave & 12 St,Hoboken,40.7518674823282,-74.03037697076797,2026-08-01,
HB506,Grand St & 14 St,Hoboken,40.75409,-74.0316,2026-08-01,
HB601,Church Sq Park - 5 St & Park Ave,Hoboken,40.74265933273143,-74.03223305940628,2026-08-01,
HB602,Stevens - River Ter & 6 St,Hoboken,40.74313282710551,-74.02698867022991,2026-08-01,
HB603,8 St & Washington St,Hoboken,40.745983882915624,-74.02819901704788,2026-08-01,
HB608,2 St & Park Ave,Hoboken,40.73915272763701,-74.0330819785595,2026-08-01,
HB609,River St & 1 St,Hoboken,40.73721535335381,-74.02886540972803,2026-08-01,
HB610,Adams St & 12 St,Hoboken,40.751889392240685,-74.03329162748534,2026-08-01,
HB611,4 St & River St,Hoboken,40.7408139,-74.0274062,2026-08-01,
HB612,Newark St & Washington St,Hoboken,40.73681,-74.0309,2026-08-01,
JC002,Paulus Hook,Jersey City,40.7141454,-74.0335519,2026-08-01,
JC003,City Hall,Jersey City,40.7177325,-74.043845,2026-08-01,
JC006,Warren St,Jersey City,40.7211236,-74.03805095,2026-08-01,
JC008,Newport Pkwy,Jersey City,40.7287448,-74.0321082,2026-08-01,
JC009,Hamilton Park,Jersey City,40.727595966,-74.044247311,2026-08-01,
JC013,Marin Light Rail,Jersey City,40.71458403535893,-74.04281705617905,2026-08-01,
JC014,Columbus Drive,Jersey City,40.71835519823214,-74.03891444206238,2026-08-01,
JC018,5 Corners Library,Jersey City,40.734961020009514,-74.0595030784607,2026-08-01,
JC019,Hilltop,Jersey City,40.7311689,-74.0575736,2026-08-01,
JC020,Baldwin at Montgomery,Jersey City,40.7236589,-74.0641943,2026-08-01,
JC022,Oakland Ave,Jersey City,40.7376037,-74.0524783,2026-08-01,
JC023,Brunswick St,Jersey City,40.7241765,-74.0506564,2026-08-01,
JC024,Pershing Field,Jersey City,40.742677141,-74.051788633,2026-08-01,
JC027,Jersey & 6th St,Jersey City,40.72528910781132,-74.04557168483734,2026-08-01,
JC032,Newark Ave,Jersey City,40.72152515,-74.046304543,2026-08-01,
JC034,Christ Hospital,Jersey City,40.734785818,-74.050443636,2026-08-01,
JC035,Van Vorst Park,Jersey City,40.71848892,-74.047726625,2026-08-01,
JC038,Essex Light Rail,Jersey City,40.7127742,-74.0364857,2026-08-01,
JC051,Union St,Jersey City,40.7182113,-74.0836394,2026-08-01,
JC052,Liberty Light Rail,Jersey City,40.7112423,-74.0557013,2026-08-01,
JC053,Lincoln Park,Jersey City,40.7246050998869,-74.07840594649315,2026-08-01,
JC055,McGinley Square,Jersey City,40.7253399253558,-74.06762212514877,2026-08-01,
JC057,Riverview Park,Jersey City,40.7443187,-74.0439909,2026-08-01,
JC059,Heights Elevator,Jersey City,40.748715945380226,-74.04044330120087,2026-08-01,
JC063,Jackson Square,Jersey City,40.71113,-74.0789,2026-08-01,
JC065,Dey St,Jersey City,40.737711,-74.066921,2026-08-01,
JC066,Newport PATH,Jersey City,40.7272235,-74.0337589,2026-08-01,
JC072,Morris Canal,Jersey City,40.7124188237569,-74.03852552175522,2026-08-01,
JC074,Jersey & 3rd,Jersey City,40.72333158646436,-74.04595255851744,2026-08-01,
JC075,Monmouth & 6th,Jersey City,40.72568548362901,-74.04879033565521,2026-08-01,
JC076,Dixon Mills,Jersey City,40.721630142638354,-74.04996782541275,2026-08-01,
JC077,Astor Place,Jersey City,40.71928220070702,-74.07126188278198,2026-08-01,
JC078,Lafayette Park,Jersey City,40.71346382669195,-74.06285852193832,2026-08-01,
JC080,Leonard Gordon Park,Jersey City,40.74590996631558,-74.0572714805603,2026-08-01,
JC081,Brunswick & 6th,Jersey City,40.72601172964625,-74.05038893222809,2026-08-01,
JC082,Manila & 1st,Jersey City,40.721650724879986,-74.04288411140442,2026-08-01,
JC084,Communipaw & Berry Lane,Jersey City,40.71435836870427,-74.06661093235016,2026-08-01,
JC093,Fairmount Ave,Jersey City,40.72572613742557,-74.07195925712585,2026-08-01,
JC094,Glenwood Ave,Jersey City,40.72755146730012,-74.07106071710587,2026-08-01,
JC095,Bergen Ave,Jersey City,40.722103786686034,-74.07145500183105,2026-08-01,
JC097,York St & Marin Blvd,Jersey City,40.716615000830494,-74.0424120426178,2026-08-01,
JC098,Washington St,Jersey City,40.7242941,-74.0354826,2026-08-01,
JC099,Montgomery St,Jersey City,40.71942,-74.05099,2026-08-01,
JC102,Grand St,Jersey City,40.71517767732029,-74.03768330812454,2026-08-01,
JC103,Journal Square,Jersey City,40.73367,-74.0625,2026-08-01,
JC105,Hoboken Ave at Monmouth St,Jersey City,40.73520838045357,-74.04696375131607,2026-08-01,
JC107,Grant Ave & MLK Dr,Jersey City,40.70919832245443,-74.08084273338318,2026-08-01,
JC108,Bergen Ave & Stegman St,Jersey City,40.70657545063453,-74.0867006778717,2026-08-01,
JC109,Bergen Ave & Sip Ave,Jersey City,40.73100888698729,-74.06443700194359,2026-08-01,
JC110,JC Medical Center,Jersey City,40.71539114317,-74.04969155788422,2026-08-01,
JC115,Grove St PATH,Jersey City,40.71941,-74.04309,2026-08-01,
JC116,Exchange Pl,Jersey City,40.71636596185077,-74.034343957901,2026-08-01,
JC117,Dr. Lena Edwards Park,Jersey City,40.713203,-74.058261,2026-08-01,
JC118,Pacific Ave & Communipaw Ave,Jersey City,40.711354,-74.062446,2026-08-01,
JC119,Garfield Light Rail,Jersey City,40.710526,-74.070112,2026-08-01,
JC120,Arlington Ave & Bramhall Ave,Jersey City,40.713225,-74.070645,2026-08-01,
JC121,MLK Dr & Bramhall Ave,Jersey City,40.71647,-74.07413,2026-08-01,
JC122,Union St & Bergen Ave,Jersey City,40.71575,-74.07887,2026-08-01,
JC123,Carteret Ave & Arlington Ave,Jersey City,40.709142,-74.074553,2026-08-01,
JC124,West Side Ave Light Rail,Jersey City,40.714964,-74.08829,2026-08-01,
JC127,Arlington Ave & Wilkinson Ave,Jersey City,40.704503,-74.07721,2026-08-01,
JC130,Woodlawn Ave & Sterling Ave,Jersey City,40.7073,-74.09243,2026-08-01,
JC131,West Side Ave & Stegman Pkwy,Jersey City,40.71087,-74.09368,2026-08-01,
JC132,Van Nostrand Ave & Ocean Ave,Jersey City,40.69983,-74.08416,2026-08-01,
JC133,Richard St Light Rail,Jersey City,40.6990691577764,-74.07915010654774,2026-08-01,
JC134,Wade St & MLK Dr,Jersey City,40.7017,-74.08952,2026-08-01,
JC135,Danforth Ave & Sullivan Dr,Jersey City,40.70436,-74.09811,2026-08-01,
JC137,Ferris Triangle Park,Jersey City,40.69877,-74.09216,2026-08-01,
JC138,Ocean Ave & New St,Jersey City,40.6968,-74.08862,2026-08-01,
JC139,Danforth Light Rail,Jersey City,40.69277,-74.0878,2026-08-01,
JC140,Caven Point Recreation Fields,Jersey City,40.69222,-74.08025,2026-08-01,
JC142,Culver Ave & JFK Blvd,Jersey City,40.71005,-74.08576,2026-08-01,
JC143,MLK Dr & Bayview Ave,Jersey City,40.7071,-74.08335,2026-08-01,
JC144,Danforth Ave & JFK Blvd,Jersey City,40.70056,-74.09474,2026-08-01,
JC145,Mallory Ave & Roosevelt Ave,Jersey City,40.72203,-74.08596,2026-08-01,
JC147,Stegman St & Ocean Ave,Jersey City,40.7029,-74.08138,2026-08-01,
JC149,Washington St & Morgan St,Jersey City,40.719445793042716,-74.03689158686865,2026-08-01,
